Date,URL
01-21-2020,
02-15-2020,https://www.medrxiv.org/content/10.1101/2020.02.24.20027474v1.full-text,https://www.medrxiv.org/content/10.1101/2020.02.16.20023606v5.full-text,https://www.medrxiv.org/content/10.1101/2020.02.26.20026971v2.full-text,https://www.medrxiv.org/content/10.1101/2020.02.21.20026070v2.full-text,https://www.medrxiv.org/content/10.1101/2020.02.26.20028191v1.full-text,https://www.medrxiv.org/content/10.1101/2020.02.21.20026112v2.full-text,https://www.medrxiv.org/content/10.1101/2020.02.22.20025791v1.full-text,https://www.medrxiv.org/content/10.1101/2020.02.24.20027268v1.full-text,https://www.medrxiv.org/content/10.1101/2020.02.17.20024257v1.full-text,https://www.medrxiv.org/content/10.1101/2020.02.04.20020503v2.full-text,https://www.medrxiv.org/content/10.1101/2020.02.16.20023465v1.full-text,https://www.medrxiv.org/content/10.1101/2020.02.23.20026963v1.full-text,https://www.medrxiv.org/content/10.1101/2020.02.17.20024075v1.full-text,https://www.medrxiv.org/content/10.1101/2020.02.27.20027169v1.full-text,https://www.medrxiv.org/content/10.1101/2020.02.27.20027557v1.full-text,https://www.medrxiv.org/content/10.1101/2020.02.25.20024398v1.full-text,https://www.medrxiv.org/content/10.1101/2020.02.27.20027524v1.full-text,https://www.medrxiv.org/content/10.1101/2020.02.26.20028373v1.full-text,https://www.medrxiv.org/content/10.1101/2020.02.27.20028530v1.full-text,https://www.medrxiv.org/content/10.1101/2020.02.26.20028589v1.full-text,https://www.medrxiv.org/content/10.1101/2020.02.27.20028928v1.full-text,https://www.medrxiv.org/content/10.1101/2020.02.24.20027649v2.full-text,https://www.medrxiv.org/content/10.1101/2020.02.20.20025999v2.full-text,https://www.medrxiv.org/content/10.1101/2020.02.25.20025643v1.full-text,https://www.medrxiv.org/content/10.1101/2020.02.25.20027664v1.full-text,
03-16-2020,https://www.medrxiv.org/content/10.1101/2020.03.16.20036723v2.full-text,https://www.medrxiv.org/content/10.1101/2020.03.29.20044461v1.full-text,https://www.medrxiv.org/content/10.1101/2020.03.27.20045302v1.full-text,https://www.medrxiv.org/content/10.1101/2020.03.17.20037663v1.full-text,https://www.medrxiv.org/content/10.1101/2020.03.15.20036392v1.full-text,https://www.medrxiv.org/content/10.1101/2020.02.16.20023820v2.full-text,https://www.medrxiv.org/content/10.1101/2020.03.28.20044339v1.full-text,https://www.medrxiv.org/content/10.1101/2020.03.21.20039867v2.full-text,https://www.medrxiv.org/content/10.1101/2020.03.26.20044511v1.full-text,https://www.medrxiv.org/content/10.1101/2020.03.27.20043661v1.full-text,https://www.medrxiv.org/content/10.1101/2020.03.26.20044644v1.full-text,https://www.medrxiv.org/content/10.1101/2020.03.26.20044651v1.full-text,https://www.medrxiv.org/content/10.1101/2020.03.27.20045138v1.full-text,https://www.medrxiv.org/content/10.1101/2020.03.27.20045328v1.full-text,https://www.medrxiv.org/content/10.1101/2020.03.29.20046870v1.full-text,https://www.medrxiv.org/content/10.1101/2020.02.08.20021212v2.full-text,https://www.medrxiv.org/content/10.1101/2020.03.22.20041137v1.full-text,https://www.medrxiv.org/content/10.1101/2020.03.23.20041673v1.full-text,https://www.medrxiv.org/content/10.1101/2020.03.23.20041798v1.full-text,https://www.medrxiv.org/content/10.1101/2020.03.23.20041889v1.full-text,https://www.medrxiv.org/content/10.1101/2020.03.24.20042796v1.full-text,https://www.medrxiv.org/content/10.1101/2020.03.24.20040162v1.full-text,https://www.medrxiv.org/content/10.1101/2020.03.24.20042382v1.full-text,https://www.medrxiv.org/content/10.1101/2020.03.19.20038794v1.full-text,https://www.medrxiv.org/content/10.1101/2020.03.22.20041079v1.full-text,
04-15-2020,https://www.medrxiv.org/content/10.1101/2020.04.19.20068072v1.full-text,https://www.medrxiv.org/content/10.1101/2020.04.08.20058297v2.full-text,https://www.medrxiv.org/content/10.1101/2020.04.04.20053363v1.full-text,https://www.medrxiv.org/content/10.1101/2020.04.24.20077891v1.full-text,https://www.medrxiv.org/content/10.1101/2020.03.26.20044529v3.full-text,https://www.medrxiv.org/content/10.1101/2020.04.20.20071977v1.full-text,https://www.medrxiv.org/content/10.1101/2020.04.17.20070094v1.full-text,https://www.medrxiv.org/content/10.1101/2020.04.20.20061861v1.full-text,https://www.medrxiv.org/content/10.1101/2020.03.08.20030643v2.full-text,https://www.medrxiv.org/content/10.1101/2020.04.07.20052340v1.full-text,https://www.medrxiv.org/content/10.1101/2020.04.06.20042580v1.full-text,https://www.medrxiv.org/content/10.1101/2020.04.02.20051086v1.full-text,https://www.medrxiv.org/content/10.1101/2020.04.18.20070631v1.full-text,https://www.medrxiv.org/content/10.1101/2020.04.27.20081836v1.full-text,https://www.medrxiv.org/content/10.1101/2020.04.14.20062463v2.full-text,https://www.medrxiv.org/content/10.1101/2020.04.25.20080127v1.full-text,https://www.medrxiv.org/content/10.1101/2020.04.23.20076679v2.full-text,https://www.medrxiv.org/content/10.1101/2020.04.24.20078667v1.full-text,https://www.medrxiv.org/content/10.1101/2020.04.24.20078279v1.full-text,https://www.medrxiv.org/content/10.1101/2020.04.25.20077842v1.full-text,https://www.medrxiv.org/content/10.1101/2020.04.23.20077321v1.full-text,https://www.medrxiv.org/content/10.1101/2020.04.23.20077172v1.full-text,https://www.medrxiv.org/content/10.1101/2020.04.23.20076919v1.full-text,https://www.medrxiv.org/content/10.1101/2020.04.24.20075838v1.full-text,https://www.medrxiv.org/content/10.1101/2020.04.24.20078477v1.full-text,
05-16-2020,https://www.medrxiv.org/content/10.1101/2020.05.21.20109405v1.full-text,https://www.medrxiv.org/content/10.1101/2020.05.17.20073189v1.full-text,https://www.medrxiv.org/content/10.1101/2020.04.19.20071761v2.full-text,https://www.medrxiv.org/content/10.1101/2020.05.08.20093229v1.full-text,https://www.medrxiv.org/content/10.1101/2020.04.28.20083311v1.full-text,https://www.medrxiv.org/content/10.1101/2020.05.28.20115527v1.full-text,https://www.medrxiv.org/content/10.1101/2020.04.15.20066720v2.full-text,https://www.medrxiv.org/content/10.1101/2020.05.19.20107391v1.full-text,https://www.medrxiv.org/content/10.1101/2020.05.19.20106336v1.full-text,https://www.medrxiv.org/content/10.1101/2020.05.25.20110684v1.full-text,https://www.medrxiv.org/content/10.1101/2020.05.23.20111500v1.full-text,https://www.medrxiv.org/content/10.1101/2020.05.24.20111765v1.full-text,https://www.medrxiv.org/content/10.1101/2020.05.19.20103036v1.full-text,https://www.medrxiv.org/content/10.1101/2020.05.15.20103184v1.full-text,https://www.medrxiv.org/content/10.1101/2020.05.15.20102640v1.full-text,https://www.medrxiv.org/content/10.1101/2020.04.12.20062646v3.full-text,https://www.medrxiv.org/content/10.1101/2020.05.04.20090688v1.full-text,https://www.medrxiv.org/content/10.1101/2020.05.02.20088666v1.full-text,https://www.medrxiv.org/content/10.1101/2020.04.26.20081125v2.full-text,https://www.medrxiv.org/content/10.1101/2020.05.01.20087320v1.full-text,https://www.medrxiv.org/content/10.1101/2020.04.24.20078154v2.full-text,https://www.medrxiv.org/content/10.1101/2020.04.23.20076562v2.full-text,https://www.medrxiv.org/content/10.1101/2020.04.23.20076463v2.full-text,https://www.medrxiv.org/content/10.1101/2020.04.28.20082784v3.full-text,https://www.medrxiv.org/content/10.1101/2020.05.05.20050419v1.full-text,
06-15-2020,https://www.medrxiv.org/content/10.1101/2020.05.21.20108894v3.full-text,https://www.medrxiv.org/content/10.1101/2020.05.31.20118315v1.full-text,https://www.medrxiv.org/content/10.1101/2020.06.20.20136325v2.full-text,https://www.medrxiv.org/content/10.1101/2020.06.25.20139881v1.full-text,https://www.medrxiv.org/content/10.1101/2020.06.21.20136523v1.full-text,https://www.medrxiv.org/content/10.1101/2020.06.15.20130807v2.full-text,https://www.medrxiv.org/content/10.1101/2020.06.22.20137711v1.full-text,https://www.medrxiv.org/content/10.1101/2020.06.19.20135640v1.full-text,https://www.medrxiv.org/content/10.1101/2020.06.19.20135517v1.full-text,https://www.medrxiv.org/content/10.1101/2020.06.17.20133595v1.full-text,https://www.medrxiv.org/content/10.1101/2020.06.16.20126425v1.full-text,https://www.medrxiv.org/content/10.1101/2020.06.14.20131169v2.full-text,https://www.medrxiv.org/content/10.1101/2020.06.16.20133256v1.full-text,https://www.medrxiv.org/content/10.1101/2020.06.03.20120576v2.full-text,https://www.medrxiv.org/content/10.1101/2020.06.14.20130740v1.full-text,https://www.medrxiv.org/content/10.1101/2020.05.13.20099838v2.full-text,https://www.medrxiv.org/content/10.1101/2020.06.08.20125542v2.full-text,https://www.medrxiv.org/content/10.1101/2020.06.11.20128801v1.full-text,https://www.medrxiv.org/content/10.1101/2020.06.08.20125377v1.full-text,https://www.medrxiv.org/content/10.1101/2020.05.31.20118349v1.full-text,https://www.medrxiv.org/content/10.1101/2020.06.01.20118844v1.full-text,https://www.medrxiv.org/content/10.1101/2020.05.22.20110171v2.full-text,https://www.medrxiv.org/content/10.1101/2020.06.26.20135319v2.full-text,https://www.medrxiv.org/content/10.1101/2020.06.27.20141788v1.full-text,https://www.medrxiv.org/content/10.1101/2020.06.28.20133561v1.full-text,
07-16-2020,https://www.medrxiv.org/content/10.1101/2020.07.11.20148486v1.full-text,https://www.medrxiv.org/content/10.1101/2020.07.23.20160580v2.full-text,https://www.medrxiv.org/content/10.1101/2020.07.21.20159376v1.full-text,https://www.medrxiv.org/content/10.1101/2020.05.13.20101246v4.full-text,https://www.medrxiv.org/content/10.1101/2020.07.17.20155150v1.full-text,https://www.medrxiv.org/content/10.1101/2020.07.20.20158436v1.full-text,https://www.medrxiv.org/content/10.1101/2020.05.05.20092395v2.full-text,https://www.medrxiv.org/content/10.1101/2020.07.18.20156851v1.full-text,https://www.medrxiv.org/content/10.1101/2020.07.15.20154989v1.full-text,https://www.medrxiv.org/content/10.1101/2020.07.12.20151191v1.full-text,https://www.medrxiv.org/content/10.1101/2020.03.23.20041517v3.full-text,https://www.medrxiv.org/content/10.1101/2020.07.04.20146530v1.full-text,https://www.medrxiv.org/content/10.1101/2020.07.02.20145003v1.full-text,https://www.medrxiv.org/content/10.1101/2020.06.24.20139188v3.full-text,https://www.medrxiv.org/content/10.1101/2020.07.22.20160002v1.full-text,https://www.medrxiv.org/content/10.1101/2020.07.23.20161059v1.full-text,https://www.medrxiv.org/content/10.1101/2020.07.10.20150573v2.full-text,https://www.medrxiv.org/content/10.1101/2020.05.22.20110387v2.full-text,https://www.medrxiv.org/content/10.1101/2020.07.29.20164392v2.full-text,https://www.medrxiv.org/content/10.1101/2020.07.29.20161323v1.full-text,https://www.medrxiv.org/content/10.1101/2020.06.05.20123133v5.full-text,https://www.medrxiv.org/content/10.1101/2020.07.28.20163022v1.full-text,https://www.medrxiv.org/content/10.1101/2020.07.28.20163543v1.full-text,https://www.medrxiv.org/content/10.1101/2020.07.27.20161810v1.full-text,https://www.medrxiv.org/content/10.1101/2020.07.19.20149898v2.full-text,
08-16-2020,https://www.medrxiv.org/content/10.1101/2020.06.26.20140210v2.full-text,https://www.medrxiv.org/content/10.1101/2020.08.09.20170910v1.full-text,https://www.medrxiv.org/content/10.1101/2020.08.07.20170183v1.full-text,https://www.medrxiv.org/content/10.1101/2020.08.05.20168872v1.full-text,https://www.medrxiv.org/content/10.1101/2020.08.04.20168112v1.full-text,https://www.medrxiv.org/content/10.1101/2020.07.13.20152983v2.full-text,https://www.medrxiv.org/content/10.1101/2020.07.02.20145532v2.full-text,https://www.medrxiv.org/content/10.1101/2020.08.18.20175521v1.full-text,https://www.medrxiv.org/content/10.1101/2020.08.14.20175190v1.full-text,https://www.medrxiv.org/content/10.1101/2020.08.25.20181842v1.full-text,https://www.medrxiv.org/content/10.1101/2020.08.25.20181446v1.full-text,https://www.medrxiv.org/content/10.1101/2020.08.24.20181214v2.full-text,https://www.medrxiv.org/content/10.1101/2020.08.24.20179614v1.full-text,https://www.medrxiv.org/content/10.1101/2020.05.10.20096974v2.full-text,https://www.medrxiv.org/content/10.1101/2020.08.24.20174367v1.full-text,https://www.medrxiv.org/content/10.1101/2020.08.23.20180554v1.full-text,https://www.medrxiv.org/content/10.1101/2020.08.24.20177576v1.full-text,https://www.medrxiv.org/content/10.1101/2020.07.15.20154617v2.full-text,https://www.medrxiv.org/content/10.1101/2020.05.09.20096701v2.full-text,https://www.medrxiv.org/content/10.1101/2020.08.20.20144014v1.full-text,https://www.medrxiv.org/content/10.1101/2020.08.20.20178723v1.full-text,https://www.medrxiv.org/content/10.1101/2020.08.19.20178434v1.full-text,https://www.medrxiv.org/content/10.1101/2020.08.18.20168807v1.full-text,https://www.medrxiv.org/content/10.1101/2020.08.16.20176065v2.full-text,https://www.medrxiv.org/content/10.1101/2020.05.22.20109777v3.full-text,
09-15-2020,https://www.medrxiv.org/content/10.1101/2020.09.25.20201616v1.full-text,https://www.medrxiv.org/content/10.1101/2020.09.29.20202416v1.full-text,https://www.medrxiv.org/content/10.1101/2020.07.09.20149682v2.full-text,https://www.medrxiv.org/content/10.1101/2020.09.26.20202267v1.full-text,https://www.medrxiv.org/content/10.1101/2020.09.17.20197087v2.full-text,https://www.medrxiv.org/content/10.1101/2020.09.16.20196063v1.full-text,https://www.medrxiv.org/content/10.1101/2020.05.05.20092361v2.full-text,https://www.medrxiv.org/content/10.1101/2020.09.14.20194381v1.full-text,https://www.medrxiv.org/content/10.1101/2020.09.04.20188516v2.full-text,https://www.medrxiv.org/content/10.1101/2020.06.15.20131607v2.full-text,https://www.medrxiv.org/content/10.1101/2020.09.11.20192229v1.full-text,https://www.medrxiv.org/content/10.1101/2020.09.11.20192971v1.full-text,https://www.medrxiv.org/content/10.1101/2020.09.07.20189597v2.full-text,https://www.medrxiv.org/content/10.1101/2020.05.21.20108860v2.full-text,https://www.medrxiv.org/content/10.1101/2020.09.03.20187278v1.full-text,https://www.medrxiv.org/content/10.1101/2020.07.01.20143925v2.full-text,https://www.medrxiv.org/content/10.1101/2020.09.21.20199018v2.full-text,https://www.medrxiv.org/content/10.1101/2020.09.28.20202911v1.full-text,https://www.medrxiv.org/content/10.1101/2020.09.28.20202796v1.full-text,https://www.medrxiv.org/content/10.1101/2020.05.26.20113993v4.full-text,https://www.medrxiv.org/content/10.1101/2020.08.04.20167932v4.full-text,https://www.medrxiv.org/content/10.1101/2020.08.26.20182444v3.full-text,https://www.medrxiv.org/content/10.1101/2020.09.27.20202556v1.full-text,https://www.medrxiv.org/content/10.1101/2020.09.26.20202010v1.full-text,https://www.medrxiv.org/content/10.1101/2020.09.25.20201889v2.full-text,
10-16-2020,https://www.medrxiv.org/content/10.1101/2020.10.24.20218321v1.full-text,https://www.medrxiv.org/content/10.1101/2020.10.19.20215293v1.full-text,https://www.medrxiv.org/content/10.1101/2020.10.19.20215665v1.full-text,https://www.medrxiv.org/content/10.1101/2020.10.14.20212662v1.full-text,https://www.medrxiv.org/content/10.1101/2020.10.11.20210740v1.full-text,https://www.medrxiv.org/content/10.1101/2020.10.06.20208009v1.full-text,https://www.medrxiv.org/content/10.1101/2020.10.06.20207910v1.full-text,https://www.medrxiv.org/content/10.1101/2020.10.02.20205914v1.full-text,https://www.medrxiv.org/content/10.1101/2020.10.28.20217455v1.full-text,https://www.medrxiv.org/content/10.1101/2020.10.19.20215384v4.full-text,https://www.medrxiv.org/content/10.1101/2020.04.24.20078022v4.full-text,https://www.medrxiv.org/content/10.1101/2020.09.26.20202051v2.full-text,https://www.medrxiv.org/content/10.1101/2020.10.26.20218636v1.full-text,https://www.medrxiv.org/content/10.1101/2020.10.25.20219105v1.full-text,https://www.medrxiv.org/content/10.1101/2020.08.07.20170548v2.full-text,https://www.medrxiv.org/content/10.1101/2020.10.22.20217562v1.full-text,https://www.medrxiv.org/content/10.1101/2020.10.22.20217430v1.full-text,https://www.medrxiv.org/content/10.1101/2020.10.21.20210203v1.full-text,https://www.medrxiv.org/content/10.1101/2020.10.20.20215608v1.full-text,https://www.medrxiv.org/content/10.1101/2020.10.15.20213512v1.full-text,https://www.medrxiv.org/content/10.1101/2020.10.16.20211029v1.full-text,https://www.medrxiv.org/content/10.1101/2020.10.11.20210849v3.full-text,https://www.medrxiv.org/content/10.1101/2020.09.16.20195826v2.full-text,https://www.medrxiv.org/content/10.1101/2020.10.13.20211664v1.full-text,https://www.medrxiv.org/content/10.1101/2020.10.12.20211722v1.full-text,
11-15-2020,https://www.medrxiv.org/content/10.1101/2020.10.27.20211631v4.full-text,https://www.medrxiv.org/content/10.1101/2020.11.28.20240267v1.full-text,https://www.medrxiv.org/content/10.1101/2020.11.03.20225581v6.full-text,https://www.medrxiv.org/content/10.1101/2020.11.11.20229872v2.full-text,https://www.medrxiv.org/content/10.1101/2020.11.18.20233874v1.full-text,https://www.medrxiv.org/content/10.1101/2020.11.10.20229294v2.full-text,https://www.medrxiv.org/content/10.1101/2020.11.09.20228221v1.full-text,https://www.medrxiv.org/content/10.1101/2020.11.01.20224014v1.full-text,https://www.medrxiv.org/content/10.1101/2020.10.27.20219717v1.full-text,https://www.medrxiv.org/content/10.1101/2020.10.22.20217984v2.full-text,https://www.medrxiv.org/content/10.1101/2020.11.28.20240333v1.full-text,https://www.medrxiv.org/content/10.1101/2020.11.11.20230052v1.full-text,https://www.medrxiv.org/content/10.1101/2020.08.29.20184176v3.full-text,https://www.medrxiv.org/content/10.1101/2020.11.28.20239517v1.full-text,https://www.medrxiv.org/content/10.1101/2020.11.27.20239657v1.full-text,https://www.medrxiv.org/content/10.1101/2020.11.26.20239434v1.full-text,https://www.medrxiv.org/content/10.1101/2020.11.25.20235150v1.full-text,https://www.medrxiv.org/content/10.1101/2020.11.24.20238295v1.full-text,https://www.medrxiv.org/content/10.1101/2020.11.25.20233163v1.full-text,https://www.medrxiv.org/content/10.1101/2020.11.23.20237289v1.full-text,https://www.medrxiv.org/content/10.1101/2020.11.23.20237024v1.full-text,https://www.medrxiv.org/content/10.1101/2020.11.20.20234500v1.full-text,https://www.medrxiv.org/content/10.1101/2020.11.21.20235853v1.full-text,https://www.medrxiv.org/content/10.1101/2020.07.13.20151233v5.full-text,https://www.medrxiv.org/content/10.1101/2020.11.17.20232264v1.full-text,
12-16-2020,https://www.medrxiv.org/content/10.1101/2020.12.11.20246546v1.full-text,https://www.medrxiv.org/content/10.1101/2020.10.02.20205906v2.full-text,https://www.medrxiv.org/content/10.1101/2020.12.03.20243584v1.full-text,https://www.medrxiv.org/content/10.1101/2020.07.22.20160143v2.full-text,https://www.medrxiv.org/content/10.1101/2020.12.25.20248853v1.full-text,https://www.medrxiv.org/content/10.1101/2020.12.22.20248736v2.full-text,https://www.medrxiv.org/content/10.1101/2020.12.21.20248627v1.full-text,https://www.medrxiv.org/content/10.1101/2020.12.20.20248600v1.full-text,https://www.medrxiv.org/content/10.1101/2020.12.19.20248571v1.full-text,https://www.medrxiv.org/content/10.1101/2020.12.18.20248331v1.full-text,https://www.medrxiv.org/content/10.1101/2020.08.30.20184168v4.full-text,https://www.medrxiv.org/content/10.1101/2020.12.18.20248449v1.full-text,https://www.medrxiv.org/content/10.1101/2020.12.18.20248452v1.full-text,https://www.medrxiv.org/content/10.1101/2020.12.16.20248311v2.full-text,https://www.medrxiv.org/content/10.1101/2020.12.16.20248139v1.full-text,https://www.medrxiv.org/content/10.1101/2020.12.15.20248299v1.full-text,https://www.medrxiv.org/content/10.1101/2020.12.16.20248359v1.full-text,https://www.medrxiv.org/content/10.1101/2020.12.15.20247775v1.full-text,https://www.medrxiv.org/content/10.1101/2020.12.14.20245266v1.full-text,https://www.medrxiv.org/content/10.1101/2020.08.14.20175257v3.full-text,https://www.medrxiv.org/content/10.1101/2020.11.20.20235903v3.full-text,https://www.medrxiv.org/content/10.1101/2020.10.28.20221952v3.full-text,https://www.medrxiv.org/content/10.1101/2020.12.11.20235838v1.full-text,https://www.medrxiv.org/content/10.1101/2020.12.11.20247262v1.full-text,https://www.medrxiv.org/content/10.1101/2020.12.09.20246439v1.full-text,
01-16-2021,https://www.medrxiv.org/content/10.1101/2021.01.04.21249167v1.full-text,https://www.medrxiv.org/content/10.1101/2021.01.27.21250593v1.full-text,https://www.medrxiv.org/content/10.1101/2021.01.15.20249089v2.full-text,https://www.medrxiv.org/content/10.1101/2021.01.14.21249782v1.full-text,https://www.medrxiv.org/content/10.1101/2021.01.14.21249829v1.full-text,https://www.medrxiv.org/content/10.1101/2021.01.02.20248596v1.full-text,https://www.medrxiv.org/content/10.1101/2020.12.31.20249106v1.full-text,https://www.medrxiv.org/content/10.1101/2021.01.26.21250557v1.full-text,https://www.medrxiv.org/content/10.1101/2021.01.27.21250618v1.full-text,https://www.medrxiv.org/content/10.1101/2021.01.27.21250559v1.full-text,https://www.medrxiv.org/content/10.1101/2021.01.26.21250494v1.full-text,https://www.medrxiv.org/content/10.1101/2021.01.24.21250387v1.full-text,https://www.medrxiv.org/content/10.1101/2021.01.22.21250120v1.full-text,https://www.medrxiv.org/content/10.1101/2020.05.08.20095448v4.full-text,https://www.medrxiv.org/content/10.1101/2020.05.27.20115238v9.full-text,https://www.medrxiv.org/content/10.1101/2020.09.15.20195305v2.full-text,https://www.medrxiv.org/content/10.1101/2020.09.21.20198796v2.full-text,https://www.medrxiv.org/content/10.1101/2021.01.21.21250237v1.full-text,https://www.medrxiv.org/content/10.1101/2020.08.28.20184200v2.full-text,https://www.medrxiv.org/content/10.1101/2021.01.19.21250080v1.full-text,https://www.medrxiv.org/content/10.1101/2021.01.18.21250025v1.full-text,https://www.medrxiv.org/content/10.1101/2021.01.16.21249935v1.full-text,https://www.medrxiv.org/content/10.1101/2021.01.14.21249845v1.full-text,https://www.medrxiv.org/content/10.1101/2021.01.13.21249773v1.full-text,https://www.medrxiv.org/content/10.1101/2020.04.29.20085506v11.full-text,
02-14-2021,https://www.medrxiv.org/content/10.1101/2021.02.15.21251788v2.full-text,https://www.medrxiv.org/content/10.1101/2021.01.10.21249298v3.full-text,https://www.medrxiv.org/content/10.1101/2021.02.18.21251442v1.full-text,https://www.medrxiv.org/content/10.1101/2021.01.29.21250788v1.full-text,https://www.medrxiv.org/content/10.1101/2021.01.30.21250844v1.full-text,https://www.medrxiv.org/content/10.1101/2021.02.08.21251382v1.full-text,https://www.medrxiv.org/content/10.1101/2021.02.23.21252325v1.full-text,https://www.medrxiv.org/content/10.1101/2021.02.18.21251422v2.full-text,https://www.medrxiv.org/content/10.1101/2021.02.23.21251866v1.full-text,https://www.medrxiv.org/content/10.1101/2020.09.22.20196048v2.full-text,https://www.medrxiv.org/content/10.1101/2021.02.21.21252163v1.full-text,https://www.medrxiv.org/content/10.1101/2020.11.06.20222398v2.full-text,https://www.medrxiv.org/content/10.1101/2021.01.28.21249723v1.full-text,https://www.medrxiv.org/content/10.1101/2021.02.11.21251285v2.full-text,https://www.medrxiv.org/content/10.1101/2021.02.15.21249420v1.full-text,https://www.medrxiv.org/content/10.1101/2021.02.12.21251640v1.full-text,https://www.medrxiv.org/content/10.1101/2021.02.12.21251310v1.full-text,https://www.medrxiv.org/content/10.1101/2021.02.10.21251350v1.full-text,https://www.medrxiv.org/content/10.1101/2021.02.10.21251510v1.full-text,https://www.medrxiv.org/content/10.1101/2021.02.09.21251447v1.full-text,https://www.medrxiv.org/content/10.1101/2021.02.08.21251366v1.full-text,https://www.medrxiv.org/content/10.1101/2021.02.09.21251440v1.full-text,https://www.medrxiv.org/content/10.1101/2021.02.09.21251288v1.full-text,https://www.medrxiv.org/content/10.1101/2021.02.13.21251683v1.full-text,https://www.medrxiv.org/content/10.1101/2020.10.09.20209858v2.full-text,
03-16-2021,https://www.medrxiv.org/content/10.1101/2021.03.26.21254380v1.full-text,https://www.medrxiv.org/content/10.1101/2021.02.27.21252569v1.full-text,https://www.medrxiv.org/content/10.1101/2021.03.29.21254509v1.full-text,https://www.medrxiv.org/content/10.1101/2021.03.22.21254100v1.full-text,https://www.medrxiv.org/content/10.1101/2021.03.22.21254090v1.full-text,https://www.medrxiv.org/content/10.1101/2020.07.15.20154765v6.full-text,https://www.medrxiv.org/content/10.1101/2020.12.18.20248439v4.full-text,https://www.medrxiv.org/content/10.1101/2021.03.08.21253157v1.full-text,https://www.medrxiv.org/content/10.1101/2021.02.28.21252633v2.full-text,https://www.medrxiv.org/content/10.1101/2021.02.23.21251934v1.full-text,https://www.medrxiv.org/content/10.1101/2021.02.18.21252032v3.full-text,https://www.medrxiv.org/content/10.1101/2021.03.05.21252946v1.full-text,https://www.medrxiv.org/content/10.1101/2021.03.29.21254560v1.full-text,https://www.medrxiv.org/content/10.1101/2021.01.26.21250184v2.full-text,https://www.medrxiv.org/content/10.1101/2021.03.25.21254215v1.full-text,https://www.medrxiv.org/content/10.1101/2021.03.26.21254429v1.full-text,https://www.medrxiv.org/content/10.1101/2021.02.13.21251652v2.full-text,https://www.medrxiv.org/content/10.1101/2021.03.23.21254060v1.full-text,https://www.medrxiv.org/content/10.1101/2021.03.20.21253624v1.full-text,https://www.medrxiv.org/content/10.1101/2021.03.16.21253371v1.full-text,https://www.medrxiv.org/content/10.1101/2021.03.17.21253760v1.full-text,https://www.medrxiv.org/content/10.1101/2021.03.08.21252586v3.full-text,https://www.medrxiv.org/content/10.1101/2021.03.21.21254068v1.full-text,https://www.medrxiv.org/content/10.1101/2021.03.20.21254040v1.full-text,https://www.medrxiv.org/content/10.1101/2021.03.19.21253991v1.full-text,
04-15-2021,https://www.medrxiv.org/content/10.1101/2021.04.15.21255560v1.full-text,https://www.medrxiv.org/content/10.1101/2021.04.09.21255215v1.full-text,https://www.medrxiv.org/content/10.1101/2021.04.27.21255706v1.full-text,https://www.medrxiv.org/content/10.1101/2021.04.26.21256109v1.full-text,https://www.medrxiv.org/content/10.1101/2021.04.26.21256105v1.full-text,https://www.medrxiv.org/content/10.1101/2021.04.25.21256069v1.full-text,https://www.medrxiv.org/content/10.1101/2021.04.20.21255818v1.full-text,https://www.medrxiv.org/content/10.1101/2021.04.21.21255878v2.full-text,https://www.medrxiv.org/content/10.1101/2021.04.20.21255794v1.full-text,https://www.medrxiv.org/content/10.1101/2021.04.23.21256006v2.full-text,https://www.medrxiv.org/content/10.1101/2021.04.19.21255673v1.full-text,https://www.medrxiv.org/content/10.1101/2021.04.14.21255261v1.full-text,https://www.medrxiv.org/content/10.1101/2021.04.16.21255649v1.full-text,https://www.medrxiv.org/content/10.1101/2021.04.19.21255742v1.full-text,https://www.medrxiv.org/content/10.1101/2021.04.14.21255465v1.full-text,https://www.medrxiv.org/content/10.1101/2021.04.13.21255438v1.full-text,https://www.medrxiv.org/content/10.1101/2021.04.13.21255384v1.full-text,https://www.medrxiv.org/content/10.1101/2020.07.17.20155218v9.full-text,https://www.medrxiv.org/content/10.1101/2021.04.10.21255244v1.full-text,https://www.medrxiv.org/content/10.1101/2020.09.17.20190595v2.full-text,https://www.medrxiv.org/content/10.1101/2021.03.25.21254307v2.full-text,https://www.medrxiv.org/content/10.1101/2021.04.12.21255201v1.full-text,https://www.medrxiv.org/content/10.1101/2021.04.08.21255099v1.full-text,https://www.medrxiv.org/content/10.1101/2021.04.12.21254876v1.full-text,https://www.medrxiv.org/content/10.1101/2020.11.19.20235077v2.full-text,
05-12-2021,https://www.medrxiv.org/content/10.1101/2020.05.08.20095083v2.full-text,https://www.medrxiv.org/content/10.1101/2021.05.06.21256523v1.full-text,https://www.medrxiv.org/content/10.1101/2021.05.03.21256482v1.full-text,https://www.medrxiv.org/content/10.1101/2021.05.01.21256090v1.full-text,https://www.medrxiv.org/content/10.1101/2021.05.22.21257658v1.full-text,https://www.medrxiv.org/content/10.1101/2021.05.17.21257134v1.full-text,https://www.medrxiv.org/content/10.1101/2021.05.19.21257467v1.full-text,https://www.medrxiv.org/content/10.1101/2021.05.20.21257557v1.full-text,https://www.medrxiv.org/content/10.1101/2021.05.20.21257343v1.full-text,https://www.medrxiv.org/content/10.1101/2021.05.18.21257386v1.full-text,https://www.medrxiv.org/content/10.1101/2021.05.17.21257092v1.full-text,https://www.medrxiv.org/content/10.1101/2021.05.16.21257299v1.full-text,https://www.medrxiv.org/content/10.1101/2021.05.15.21257261v1.full-text,https://www.medrxiv.org/content/10.1101/2021.05.13.21257070v1.full-text,https://www.medrxiv.org/content/10.1101/2021.05.13.21256846v1.full-text,https://www.medrxiv.org/content/10.1101/2021.05.08.21256726v1.full-text,https://www.medrxiv.org/content/10.1101/2021.05.17.21256513v1.full-text,https://www.medrxiv.org/content/10.1101/2021.04.30.21256383v2.full-text,https://www.medrxiv.org/content/10.1101/2020.07.30.20164855v2.full-text,https://www.medrxiv.org/content/10.1101/2021.05.06.21256768v1.full-text,https://www.medrxiv.org/content/10.1101/2021.05.04.21255938v2.full-text,https://www.medrxiv.org/content/10.1101/2021.05.02.21256474v1.full-text,https://www.medrxiv.org/content/10.1101/2021.04.20.21255792v2.full-text,https://www.medrxiv.org/content/10.1101/2021.05.01.21256447v1.full-text,https://www.medrxiv.org/content/10.1101/2021.04.30.21256331v1.full-text,
